damage,url
46.39,http://web.archive.org/web/20221023154240if_/https://sourceforge.net/p/flightgear/flightgear/ci/next/tree/
34.92,http://web.archive.org/web/20230910222229if_/https://sourceforge.net/p/flightgear/fgdata/ci/next/tree/
33.29,http://web.archive.org/web/20240321122605if_/https://sourceforge.net/p/immortalwrt/immortalwrt/ci/master/tree/
32.22,http://web.archive.org/web/20240220140044if_/https://sourceforge.net/p/flightgear/gitorious-fgdata/ci/master/tree/
29.48,http://web.archive.org/web/20140307075128if_/http://sourceforge.net/p/sinekartapi/git/ci/master/tree/
28.44,http://web.archive.org/web/20220709005759if_/https://sourceforge.net/p/lazarus/laz.git/ci/main/tree/
28.23,http://web.archive.org/web/20151215203652if_/http://sourceforge.net/p/magmi/git/ci/master/tree/
28.22,http://web.archive.org/web/20170515202913if_/https://sourceforge.net/p/levent/code/ci/master/tree/
25.91,http://web.archive.org/web/20150922074253if_/http://sourceforge.net/p/fourchan-dl/code/ci/master/tree/
25.77,http://web.archive.org/web/20221023212132if_/https://sourceforge.net/p/flightgear/fgmeta/ci/next/tree/
25.48,http://web.archive.org/web/20220606214230if_/https://sourceforge.net/p/mingw/mingw-org-wsl/ci/5.1-trunk/tree/
25.23,http://web.archive.org/web/20221025185432if_/https://sourceforge.net/p/flightgear/sceneryweb/ci/master/tree/
24.87,http://web.archive.org/web/20151103094006if_/http://sourceforge.net/p/copfilter/code/HEAD/tree/
24.47,http://web.archive.org/web/20200218094102if_/https://sourceforge.net/p/octave/cgi/ci/master/tree/
24.29,http://web.archive.org/web/20151128154244if_/http://sourceforge.net/p/sinekarta/code/HEAD/tree/
24.18,http://web.archive.org/web/20230409221641if_/https://sourceforge.net/p/oprofile/oprofile-tests/ci/master/tree/
24.11,http://web.archive.org/web/20151113154914if_/http://sourceforge.net/p/sesamewinclient/code/HEAD/tree/
23.79,http://web.archive.org/web/20240321122610if_/https://sourceforge.net/p/immortalwrt/packages/ci/master/tree/
23.53,http://web.archive.org/web/20220806080315if_/https://sourceforge.net/p/jedit/LucenePlugin/ci/master/tree/
23.12,http://web.archive.org/web/20240321122615if_/https://sourceforge.net/p/immortalwrt/luci/ci/master/tree/
22.94,http://web.archive.org/web/20220519223048if_/https://sourceforge.net/p/mingw/ports/ci/master/tree/
22.84,http://web.archive.org/web/20150921084237if_/http://sourceforge.net/p/cord/code/HEAD/tree/
22.56,http://web.archive.org/web/20221226050602if_/https://sourceforge.net/p/net-snmp/code/ci/master/tree/
22.56,http://web.archive.org/web/20221226050602if_/https://sourceforge.net/p/net-snmp/code/ci/master/tree/
22.48,http://web.archive.org/web/20230731173735if_/https://sourceforge.net/p/android-x86/hardware_libhardware/ci/nougat-x86/tree/
22.3,http://web.archive.org/web/20151109184907if_/http://sourceforge.net/p/jaxe/mercurial/ci/default/tree/
21.89,http://web.archive.org/web/20220806081847if_/https://sourceforge.net/p/jedit/QuickNotepad/ci/master/tree/
21.77,http://web.archive.org/web/20230623043913if_/https://sourceforge.net/p/flightgear/fgrun/ci/next/tree/
21.21,http://web.archive.org/web/20220524182442if_/https://sourceforge.net/p/optflux/solvers2/ci/master/tree/
20.87,http://web.archive.org/web/20160127010903if_/http://sourceforge.net/p/heat-meteo/svn/HEAD/tree/
20.5,http://web.archive.org/web/20220524182449if_/https://sourceforge.net/p/optflux/dependencies/ci/master/tree/
20.39,http://web.archive.org/web/20230617035905if_/https://sourceforge.net/p/net-tools/code/ci/master/tree/
20.39,http://web.archive.org/web/20220806081831if_/https://sourceforge.net/p/jedit/SpellCheck/ci/master/tree/
20.34,http://web.archive.org/web/20190412174839if_/https://sourceforge.net/p/linuxquota/code/ci/master/tree/
20.17,http://web.archive.org/web/20221227134114if_/https://sourceforge.net/p/jedit/CodeHelper/ci/master/tree/
20.03,http://web.archive.org/web/20221225152716if_/https://sourceforge.net/p/zint/code/ci/master/tree/
19.65,http://web.archive.org/web/20230115011625if_/https://sourceforge.net/p/kompozer/code/ci/default/tree/
19.65,http://web.archive.org/web/20230115011625if_/https://sourceforge.net/p/kompozer/code/ci/default/tree/
19.51,http://web.archive.org/web/20220524182440if_/https://sourceforge.net/p/optflux/biocomponents/ci/master/tree/
19.48,http://web.archive.org/web/20230410003207if_/https://sourceforge.net/p/oprofile/oprofile/ci/master/tree/
19.34,http://web.archive.org/web/20220422041302if_/https://sourceforge.net/p/djvu/djview-git/ci/master/tree/
19.09,http://web.archive.org/web/20221227135603if_/https://sourceforge.net/p/jedit/CtagsSideKick/ci/master/tree/
18.62,http://web.archive.org/web/20220806081831if_/https://sourceforge.net/p/jedit/CtagsInterface/ci/master/tree/
18.48,http://web.archive.org/web/20220524182447if_/https://sourceforge.net/p/optflux/optfluxcore3/ci/master/tree/
18.45,http://web.archive.org/web/20230514153446if_/https://sourceforge.net/p/android-x86/external_wpa_supplicant_8/ci/lollipop-x86/tree/
18.35,http://web.archive.org/web/20220806083814if_/https://sourceforge.net/p/jedit/PMDPlugin/ci/master/tree/
18.29,http://web.archive.org/web/20240211225434if_/https://sourceforge.net/p/urlget/uget2/ci/master/tree/
17.78,http://web.archive.org/web/20221227144115if_/https://sourceforge.net/p/jedit/DirtyGutter/ci/master/tree/
17.74,http://web.archive.org/web/20150606130954if_/http://sourceforge.net/p/ser2net/code/ci/master/tree/
17.67,http://web.archive.org/web/20220806080320if_/https://sourceforge.net/p/jedit/MarkerSets/ci/master/tree/
17.64,http://web.archive.org/web/20240507012344if_/https://sourceforge.net/p/android-x86/build/ci/nougat-x86/tree/
17.48,http://web.archive.org/web/20151029034446if_/http://sourceforge.net/p/ssocks/code/ci/master/tree/
17.44,http://web.archive.org/web/20151020162121if_/http://sourceforge.net/p/fourchan-dl/experimental/ci/master/tree/
17.42,http://web.archive.org/web/20240227035243if_/https://sourceforge.net/p/optflux/simplification4optflux3/ci/master/tree/
17.37,http://web.archive.org/web/20230515152637if_/https://sourceforge.net/p/android-x86/hardware_broadcom_wlan/ci/nougat-x86/tree/
17.36,http://web.archive.org/web/20220806081813if_/https://sourceforge.net/p/jedit/ProjectViewer/ci/master/tree/
17.27,http://web.archive.org/web/20180724135012if_/https://sourceforge.net/p/pyusb/git/ci/master/tree/
17.16,http://web.archive.org/web/20230106030255if_/https://sourceforge.net/p/octave/vibes/ci/octave-api/tree/
17.15,http://web.archive.org/web/20151128013724if_/http://sourceforge.net/p/regain/gitrepo/ci/master/tree/
17.07,http://web.archive.org/web/20240216211442if_/https://sourceforge.net/p/win32diskimager/code/ci/master/tree/
17.07,http://web.archive.org/web/20240216211442if_/https://sourceforge.net/p/win32diskimager/code/ci/master/tree/
16.94,http://web.archive.org/web/20220618020233if_/https://sourceforge.net/p/grandperspectiv/resources/ci/master/tree/
16.92,http://web.archive.org/web/20240227035312if_/https://sourceforge.net/p/optflux/tna4optflux3/ci/master/tree/
16.87,http://web.archive.org/web/20221024200204if_/https://sourceforge.net/p/flightgear/openradar/ci/master/tree/
16.32,http://web.archive.org/web/20150615003337if_/http://sourceforge.net/p/flightgear/windows-3rd-party/ci/master/tree/
16.23,http://web.archive.org/web/20220517010955if_/https://sourceforge.net/p/ucanaccess/git-code/ci/master/tree/
16.02,http://web.archive.org/web/20200612004450if_/https://sourceforge.net/p/poptop/git/ci/master/tree/
15.91,http://web.archive.org/web/20220606214238if_/https://sourceforge.net/p/mingw/mingw-get-inst/ci/master/tree/
15.89,http://web.archive.org/web/20220806081824if_/https://sourceforge.net/p/jedit/Geo/ci/master/tree/
15.87,http://web.archive.org/web/20240227041048if_/https://sourceforge.net/p/optflux/optflux/ci/master/tree/
15.8,http://web.archive.org/web/20190114125715if_/https://sourceforge.net/p/newfmd/code/ci/master/tree/
15.77,http://web.archive.org/web/20231224025014if_/https://sourceforge.net/p/octave/matgeom/ci/master/tree/
15.69,http://web.archive.org/web/20150926132101if_/http://sourceforge.net/p/jvi/code/ci/default/tree/
15.62,http://web.archive.org/web/20230409100508if_/https://sourceforge.net/p/pseint/code/ci/master/tree/
15.44,http://web.archive.org/web/20220806080319if_/https://sourceforge.net/p/jedit/P4Plugin/ci/master/tree/
15.42,http://web.archive.org/web/20220524182450if_/https://sourceforge.net/p/optflux/availablemodelsapi/ci/master/tree/
15.38,http://web.archive.org/web/20240227035157if_/https://sourceforge.net/p/optflux/rbc4optflux3/ci/master/tree/
15.37,http://web.archive.org/web/20221126125445if_/https://sourceforge.net/p/scribus/nogui14/ci/master/tree/
15.21,http://web.archive.org/web/20230822014214if_/https://sourceforge.net/p/squirrel-sql/git/ci/master/tree/
15.2,http://web.archive.org/web/20220806080323if_/https://sourceforge.net/p/jedit/HaXeSideKick/ci/master/tree/
14.69,http://web.archive.org/web/20221227135605if_/https://sourceforge.net/p/jedit/ClassBrowser/ci/master/tree/
14.67,http://web.archive.org/web/20220806080317if_/https://sourceforge.net/p/jedit/MyDoggyPlugin/ci/master/tree/
14.66,http://web.archive.org/web/20220422041303if_/https://sourceforge.net/p/djvu/old-djvu3-git/ci/master/tree/
14.56,http://web.archive.org/web/20231020201201if_/https://sourceforge.net/p/mcwin32/code/ci/master/tree/
14.56,http://web.archive.org/web/20231020201201if_/https://sourceforge.net/p/mcwin32/code/ci/master/tree/
14.51,http://web.archive.org/web/20230615050934if_/https://sourceforge.net/p/rodin-b-sharp/rodincore/ci/master/tree/
14.44,http://web.archive.org/web/20190303221101if_/https://sourceforge.net/p/smoothwall/wkitty42/ci/master/tree/
14.43,http://web.archive.org/web/20220523215055if_/https://sourceforge.net/p/atftp/code/ci/master/tree/
14.27,http://web.archive.org/web/20240227032348if_/https://sourceforge.net/p/optflux/mfa4optflux3/ci/master/tree/
14.24,http://web.archive.org/web/20190303221118if_/https://sourceforge.net/p/smoothwall/git/ci/master/tree/
13.74,http://web.archive.org/web/20220806080318if_/https://sourceforge.net/p/jedit/Reopen/ci/master/tree/
13.68,http://web.archive.org/web/20230106030133if_/https://sourceforge.net/p/octave/bsltl/ci/master/tree/
13.58,http://web.archive.org/web/20220606214238if_/https://sourceforge.net/p/mingw/utils/ci/master/tree/
13.52,http://web.archive.org/web/20220618020237if_/https://sourceforge.net/p/grandperspectiv/scripts/ci/master/tree/
13.24,http://web.archive.org/web/20240324124329if_/https://sourceforge.net/p/krystaldms/source-code/ci/master/tree/
13.22,http://web.archive.org/web/20240106082356if_/https://sourceforge.net/p/clucene/code/ci/master/tree/
13.18,http://web.archive.org/web/20240227033450if_/https://sourceforge.net/p/optflux/optflux-efm/ci/master/tree/
13.1,http://web.archive.org/web/20240227035212if_/https://sourceforge.net/p/optflux/regulatoryTool4optflux3/ci/master/tree/
13.03,http://web.archive.org/web/20230731173753if_/https://sourceforge.net/p/android-x86/hardware_intel_libsensors/ci/nougat-x86/tree/
13.02,http://web.archive.org/web/20240227034231if_/https://sourceforge.net/p/optflux/optflux-mfa/ci/master/tree/
13.0,http://web.archive.org/web/20231224034231if_/https://sourceforge.net/p/octave/symbolic/ci/main/tree/
12.99,http://web.archive.org/web/20150221161247if_/http://sourceforge.net/p/bitext2tmx/git/ci/master/tree/
12.92,http://web.archive.org/web/20220806080318if_/https://sourceforge.net/p/jedit/Updater/ci/master/tree/
12.88,http://web.archive.org/web/20240322054517if_/https://sourceforge.net/p/kmeleon/source/ci/default/tree/
12.67,http://web.archive.org/web/20160616162119if_/https://sourceforge.net/p/wxdsgn/code/HEAD/tree/
12.55,http://web.archive.org/web/20240227033641if_/https://sourceforge.net/p/optflux/optflux-omicsintegration/ci/master/tree/
12.48,http://web.archive.org/web/20151110173416if_/http://sourceforge.net/p/lttty/code/HEAD/tree/
12.46,http://web.archive.org/web/20221126123559if_/https://sourceforge.net/p/scribus/trunk/ci/master/tree/
12.41,http://web.archive.org/web/20221116110818if_/https://sourceforge.net/p/doublecmd/code/HEAD/tree/
12.41,http://web.archive.org/web/20221116110818if_/https://sourceforge.net/p/doublecmd/code/HEAD/tree/
12.37,http://web.archive.org/web/20180116054612if_/https://sourceforge.net/p/octave/netcdf/ci/master/tree/
12.37,http://web.archive.org/web/20180703232156if_/https://sourceforge.net/p/camprocessor/camv/ci/master/tree/
12.09,http://web.archive.org/web/20240227025732if_/https://sourceforge.net/p/octave/doctest/ci/main/tree/
12.04,http://web.archive.org/web/20240227040650if_/https://sourceforge.net/p/unitedrpms/code/ci/master/tree/
11.9,http://web.archive.org/web/20160202014426if_/http://sourceforge.net/p/netcat/code/HEAD/tree/
11.8,http://web.archive.org/web/20160203133956if_/http://sourceforge.net/p/samurai/code/HEAD/tree/
11.75,http://web.archive.org/web/20220806081828if_/https://sourceforge.net/p/jedit/SaxonPlugin/ci/master/tree/
11.71,http://web.archive.org/web/20240227030024if_/https://sourceforge.net/p/optflux/cobra4optflux3/ci/master/tree/
11.68,http://web.archive.org/web/20231228074441if_/https://sourceforge.net/p/synkron/code/HEAD/tree/
11.68,http://web.archive.org/web/20190306044502if_/https://sourceforge.net/p/xml-copy-editor/code/ci/master/tree/
11.64,http://web.archive.org/web/20211022115603if_/https://sourceforge.net/p/googlesyncmod/code/HEAD/tree/
11.61,http://web.archive.org/web/20240324124406if_/https://sourceforge.net/p/crportable/patches-branding/ci/default/tree/
11.53,http://web.archive.org/web/20240321125215if_/https://sourceforge.net/p/windirstat/testbench/ci/default/tree/
11.49,http://web.archive.org/web/20220607142440if_/https://sourceforge.net/p/console/code/ci/master/tree/
11.49,http://web.archive.org/web/20240220140141if_/https://sourceforge.net/p/flightgear/pipeline/ci/master/tree/
11.33,http://web.archive.org/web/20230616121752if_/https://sourceforge.net/p/anaphraseus/code/HEAD/tree/
11.23,http://web.archive.org/web/20230620160331if_/https://sourceforge.net/p/swig/code/HEAD/tree/
10.98,http://web.archive.org/web/20220524182448if_/https://sourceforge.net/p/optflux/utilities/ci/master/tree/
10.88,http://web.archive.org/web/20240227035232if_/https://sourceforge.net/p/optflux/serialization4optflux/ci/master/tree/
10.86,http://web.archive.org/web/20180723102915if_/https://sourceforge.net/p/virtuoso/virtuoso-opensource/ci/develop/7/~/tree/
10.7,http://web.archive.org/web/20240227035041if_/https://sourceforge.net/p/optflux/optflux-tna/ci/master/tree/
10.67,http://web.archive.org/web/20240227035350if_/https://sourceforge.net/p/optflux/xgmml4optflux3/ci/master/tree/
10.67,http://web.archive.org/web/20230731173841if_/https://sourceforge.net/p/android-x86/installation/
10.66,http://web.archive.org/web/20230116080819if_/https://sourceforge.net/p/freertos/code/HEAD/tree/
10.65,http://web.archive.org/web/20230514151948if_/https://sourceforge.net/p/android-x86/push/ci/master/tree/
10.62,http://web.archive.org/web/20230706143945if_/https://sourceforge.net/p/supertuxkart/code/HEAD/tree/
10.61,http://web.archive.org/web/20180620025409if_/https://sourceforge.net/p/hf-auto-clicker/code/ci/master/tree/
10.61,http://web.archive.org/web/20240227033531if_/https://sourceforge.net/p/optflux/optflux-metabolicvisualizer/ci/master/tree/
10.61,http://web.archive.org/web/20230216010545if_/https://sourceforge.net/p/chibios/code/HEAD/tree/
10.6,http://web.archive.org/web/20230615115058if_/https://sourceforge.net/p/rodin-b-sharp/qualprob/ci/master/tree/
10.6,http://web.archive.org/web/20240227030016if_/https://sourceforge.net/p/optflux/celldesigner4optflux3/ci/master/tree/
10.53,http://web.archive.org/web/20220806080318if_/https://sourceforge.net/p/jedit/ProtocolBuffer/ci/master/tree/
10.53,http://web.archive.org/web/20240321125224if_/https://sourceforge.net/p/windirstat/wiki/ci/master/tree/
10.49,http://web.archive.org/web/20230914075907if_/https://sourceforge.net/p/tuntaposx/code/ci/master/tree/
10.42,http://web.archive.org/web/20150909140740if_/http://sourceforge.net/p/sstp-client/code/HEAD/tree/
10.41,http://web.archive.org/web/20240227031010if_/https://sourceforge.net/p/optflux/biologicalnetscore/ci/master/tree/
10.41,http://web.archive.org/web/20240225102448if_/https://sourceforge.net/p/vym/code/ci/develop/tree/
10.39,http://web.archive.org/web/20230731173740if_/https://sourceforge.net/p/android-x86/cm/
10.36,http://web.archive.org/web/20230731173737if_/https://sourceforge.net/p/android-x86/kernels/
10.34,http://web.archive.org/web/20230613215457if_/https://sourceforge.net/p/rodin-b-sharp/EMF_EVENT_B/ci/master/tree/
10.31,http://web.archive.org/web/20240321125207if_/https://sourceforge.net/p/windirstat/premake-stable/ci/WDS-build/tree/
10.23,http://web.archive.org/web/20180703232201if_/https://sourceforge.net/p/camprocessor/camv-test/ci/master/tree/
10.23,http://web.archive.org/web/20231224045607if_/https://sourceforge.net/p/octave/octclip/ci/master/tree/
10.14,http://web.archive.org/web/20240315101526if_/https://sourceforge.net/p/codeblocks/code/HEAD/tree/
10.13,http://web.archive.org/web/20240227033824if_/https://sourceforge.net/p/optflux/optflux-optknock/ci/master/tree/
10.13,http://web.archive.org/web/20221208180105if_/https://sourceforge.net/p/gtk-win/code/HEAD/tree/
10.1,http://web.archive.org/web/20230506224944if_/https://sourceforge.net/p/gparted/code/ci/master/tree/
10.1,http://web.archive.org/web/20240227030147if_/https://sourceforge.net/p/optflux/metabolicvisualizer4optflux3/ci/master/tree/
10.1,http://web.archive.org/web/20230506224944if_/https://sourceforge.net/p/gparted/code/ci/master/tree/
10.07,http://web.archive.org/web/20221216085617if_/https://sourceforge.net/p/shareaza/code/HEAD/tree/
10.06,http://web.archive.org/web/20220422041315if_/https://sourceforge.net/p/djvu/www-git/ci/master/tree/
10.06,http://web.archive.org/web/20240227033652if_/https://sourceforge.net/p/optflux/optflux-optimization/ci/master/tree/
10.06,http://web.archive.org/web/20240213221955if_/https://sourceforge.net/p/libpng/code/ci/master/tree/
10.0,http://web.archive.org/web/20220524102930if_/https://sourceforge.net/p/pdfcreator/code/HEAD/tree/
10.0,http://web.archive.org/web/20211202075503if_/https://sourceforge.net/p/zinjai/code/ci/master/tree/
9.97,http://web.archive.org/web/20230614104813if_/https://sourceforge.net/p/rodin-b-sharp/iUML_B_Utils/ci/master/tree/
9.93,http://web.archive.org/web/20240507011624if_/https://sourceforge.net/p/portablesigner/code/ci/master/tree/
9.91,http://web.archive.org/web/20141028034601if_/http://sourceforge.net/p/nhunspell/code/ci/default/tree/
9.89,http://web.archive.org/web/20230508150309if_/https://sourceforge.net/p/gptfdisk/code/ci/master/tree/
9.89,http://web.archive.org/web/20230508150309if_/https://sourceforge.net/p/gptfdisk/code/ci/master/tree/
9.86,http://web.archive.org/web/20240227025802if_/https://sourceforge.net/p/octave/optiminterp/ci/master/tree/
9.85,http://web.archive.org/web/20180616020046if_/https://sourceforge.net/p/mingw/msys-dvlpr/ci/master/tree/
9.83,http://web.archive.org/web/20230910222259if_/https://sourceforge.net/p/flightgear/maclauncher/ci/next/tree/
9.73,http://web.archive.org/web/20240321125220if_/https://sourceforge.net/p/windirstat/code/ci/master/tree/
9.73,http://web.archive.org/web/20240321125220if_/https://sourceforge.net/p/windirstat/code/ci/master/tree/
9.72,http://web.archive.org/web/20240227025811if_/https://sourceforge.net/p/octave/stk/ci/master/tree/
9.68,http://web.archive.org/web/20240227025750if_/https://sourceforge.net/p/octave/octcdf/ci/master/tree/
9.42,http://web.archive.org/web/20240317001618if_/https://sourceforge.net/p/processhacker/code/HEAD/tree/
9.4,http://web.archive.org/web/20240202211500if_/https://sourceforge.net/p/dosbox/code-0/HEAD/tree/
9.39,http://web.archive.org/web/20230612182035if_/https://sourceforge.net/p/tuxpaint/tuxpaint-config/ci/master/tree/
9.36,http://web.archive.org/web/20230430230741if_/https://sourceforge.net/p/assp/svn/HEAD/tree/
9.36,http://web.archive.org/web/20230507085334if_/https://sourceforge.net/p/gparted/svn/HEAD/tree/
9.36,http://web.archive.org/web/20230430230741if_/https://sourceforge.net/p/assp/svn/HEAD/tree/
9.35,http://web.archive.org/web/20160124232543if_/http://sourceforge.net/p/socnetv/git/ci/master/tree/
9.33,http://web.archive.org/web/20240324124519if_/https://sourceforge.net/p/intelligid/code/HEAD/tree/
9.31,http://web.archive.org/web/20231005064558if_/https://sourceforge.net/p/keepass/code/HEAD/tree/
9.31,http://web.archive.org/web/20230515152510if_/https://sourceforge.net/p/android-x86/hardware_libaudio/ci/nougat-x86/tree/
9.31,http://web.archive.org/web/20240218192544if_/https://sourceforge.net/p/oorexx/code-0/HEAD/tree/
9.28,http://web.archive.org/web/20220529201706if_/https://sourceforge.net/p/easyhotspot/code/ci/master/tree/
9.22,http://web.archive.org/web/20230407223729if_/https://sourceforge.net/p/bibdesk/svn/HEAD/tree/
9.22,http://web.archive.org/web/20240324124357if_/https://sourceforge.net/p/oof/code/HEAD/tree/
9.21,http://web.archive.org/web/20240201122608if_/https://sourceforge.net/p/stellarium/code/HEAD/tree/
9.17,http://web.archive.org/web/20240204121545if_/https://sourceforge.net/p/tortoisesvn/code/HEAD/tree/
9.16,http://web.archive.org/web/20151123060422if_/http://sourceforge.net/p/thebear/code/ci/master/tree/
9.15,http://web.archive.org/web/20221126123557if_/https://sourceforge.net/p/scribus/gsoc11scripter/ci/master/tree/
9.13,http://web.archive.org/web/20220806081803if_/https://sourceforge.net/p/jedit/MacOS/ci/master/tree/
9.1,http://web.archive.org/web/20220122051308if_/https://sourceforge.net/p/conemu/code/ci/master/tree/
9.09,http://web.archive.org/web/20230910222247if_/https://sourceforge.net/p/flightgear/assets/HEAD/tree/
9.06,http://web.archive.org/web/20220317213836if_/https://sourceforge.net/p/unetbootin/code/ci/master/tree/
9.05,http://web.archive.org/web/20220806083816if_/https://sourceforge.net/p/jedit/MenuEditor/ci/master/tree/
9.0,http://web.archive.org/web/20231224031902if_/https://sourceforge.net/p/octave/ocs/ci/master/tree/
8.96,http://web.archive.org/web/20230429085608if_/https://sourceforge.net/p/tuxguitar/code/HEAD/tree/
8.95,http://web.archive.org/web/20231025102022if_/https://sourceforge.net/p/grandperspectiv/source/ci/master/tree/
8.89,http://web.archive.org/web/20240321122619if_/https://sourceforge.net/p/immortalwrt/mirror-updater/ci/master/tree/
8.87,http://web.archive.org/web/20230408215304if_/https://sourceforge.net/p/oprofile/oprofile-www/ci/master/tree/
8.85,http://web.archive.org/web/20220701051753if_/https://sourceforge.net/p/djvu/old-djvu22-git/ci/master/tree/
8.82,http://web.archive.org/web/20230614055239if_/https://sourceforge.net/p/azureus/code/
8.81,http://web.archive.org/web/20230314194036if_/https://sourceforge.net/p/staruml/code/HEAD/tree/
8.77,http://web.archive.org/web/20240324123759if_/https://sourceforge.net/p/jsspellcheck/code/HEAD/tree/
8.72,http://web.archive.org/web/20240324124214if_/https://sourceforge.net/p/cpp2dot/code/HEAD/tree/
8.71,http://web.archive.org/web/20231224030651if_/https://sourceforge.net/p/octave/code/HEAD/tree/
8.71,http://web.archive.org/web/20240108221954if_/https://sourceforge.net/p/libusb-win32/code/HEAD/tree/
8.68,http://web.archive.org/web/20220422041311if_/https://sourceforge.net/p/djvu/djvulibre-git/ci/master/tree/
8.57,http://web.archive.org/web/20231127210210if_/https://sourceforge.net/p/jedit/svn/HEAD/tree/
8.56,http://web.archive.org/web/20240121230142if_/https://sourceforge.net/p/smartmontools/code/HEAD/tree/
8.56,http://web.archive.org/web/20220611094553if_/https://sourceforge.net/p/ubuntuzilla/ubuntuzilla/ci/master/tree/
8.56,http://web.archive.org/web/20220611094553if_/https://sourceforge.net/p/ubuntuzilla/ubuntuzilla/ci/master/tree/
8.56,http://web.archive.org/web/20240121230142if_/https://sourceforge.net/p/smartmontools/code/HEAD/tree/
8.53,http://web.archive.org/web/20190303221046if_/https://sourceforge.net/p/smoothwall/devs/ci/stan-swe3.1-rc4/tree/
8.44,http://web.archive.org/web/20240507012218if_/https://sourceforge.net/p/jvi/editor-pin/ci/default/tree/
8.42,http://web.archive.org/web/20180613081553if_/https://sourceforge.net/p/xdman/code/ci/master/tree/
8.42,http://web.archive.org/web/20240324124612if_/https://sourceforge.net/p/searcher/git/ci/master/tree/
8.41,http://web.archive.org/web/20240507012216if_/https://sourceforge.net/p/jvi/raelity-gradle/ci/default/tree/
8.35,http://web.archive.org/web/20180713112737if_/https://sourceforge.net/p/digioznetportal/codenew/ci/master/tree/
8.34,http://web.archive.org/web/20230409214734if_/https://sourceforge.net/p/oprofile/oprofile-results/ci/master/tree/
8.33,http://web.archive.org/web/20221227141217if_/https://sourceforge.net/p/jedit/CppCheck/ci/master/tree/
8.31,http://web.archive.org/web/20240227035142if_/https://sourceforge.net/p/optflux/optknock4optflux3/ci/master/tree/
8.21,http://web.archive.org/web/20240220140109if_/https://sourceforge.net/p/flightgear/mpmap.js/ci/master/tree/
8.16,http://web.archive.org/web/20220523035902if_/https://sourceforge.net/p/ubuntuzilla/mozillapackager/ci/master/tree/
8.16,http://web.archive.org/web/20220523035902if_/https://sourceforge.net/p/ubuntuzilla/mozillapackager/ci/master/tree/
8.06,http://web.archive.org/web/20220530052226if_/https://sourceforge.net/p/jpegview/code/HEAD/tree/
8.03,http://web.archive.org/web/20230520093748if_/https://sourceforge.net/p/android-x86/hardware_liblights/ci/nougat-x86/tree/
8.03,http://web.archive.org/web/20210213003110if_/https://sourceforge.net/p/texstudio/code/HEAD/tree/
8.02,http://web.archive.org/web/20190303221050if_/https://sourceforge.net/p/smoothwall/docs/ci/swe3.1-docs/tree/
8.01,http://web.archive.org/web/20190625025539if_/https://sourceforge.net/p/midisheetmusic/source/ci/master/tree/
7.97,http://web.archive.org/web/20151029073220if_/http://sourceforge.net/p/tftputil/code/HEAD/tree/
7.95,http://web.archive.org/web/20231224023257if_/https://sourceforge.net/p/octave/level-set/ci/master/tree/
7.94,http://web.archive.org/web/20231224031033if_/https://sourceforge.net/p/scribus/code/ci/master/tree/
7.93,http://web.archive.org/web/20220806080320if_/https://sourceforge.net/p/jedit/HelpServer/ci/master/tree/
7.91,http://web.archive.org/web/20230510113138if_/https://sourceforge.net/p/orwelldevcpp/code/ci/master/tree/
7.91,http://web.archive.org/web/20150926134709if_/http://sourceforge.net/p/fmd/code/HEAD/tree/
7.91,http://web.archive.org/web/20190819164425if_/https://sourceforge.net/p/grandperspectiv/help/ci/master/tree/
7.86,http://web.archive.org/web/20230324060804if_/https://sourceforge.net/p/urlget/uget/ci/master/tree/
7.84,http://web.archive.org/web/20220606190114if_/https://sourceforge.net/p/winavr/code/HEAD/tree/
7.77,http://web.archive.org/web/20240220140123if_/https://sourceforge.net/p/flightgear/navdata/ci/master/tree/
7.75,http://web.archive.org/web/20230315073939if_/https://sourceforge.net/p/mscore/code/HEAD/tree/
7.66,http://web.archive.org/web/20220806080319if_/https://sourceforge.net/p/jedit/SyntaxHelper/ci/master/tree/
7.65,http://web.archive.org/web/20220908015306if_/https://sourceforge.net/p/jabref/code/ci/master/tree/
7.62,http://web.archive.org/web/20220620095906if_/https://sourceforge.net/p/dia-installer/diashapes/ci/master/tree/
7.61,http://web.archive.org/web/20220517025355if_/https://sourceforge.net/p/vrapper/code/ci/master/tree/
7.53,http://web.archive.org/web/20230807084732if_/https://sourceforge.net/p/tikiwiki/code/HEAD/tree/
7.5,http://web.archive.org/web/20180703232208if_/https://sourceforge.net/p/camprocessor/CAM-Base/ci/master/tree/
7.45,http://web.archive.org/web/20231203022632if_/https://sourceforge.net/p/octave/divand/ci/master/tree/
7.44,http://web.archive.org/web/20220524182449if_/https://sourceforge.net/p/optflux/jecoli3/ci/master/tree/
7.44,http://web.archive.org/web/20150910141513if_/http://sourceforge.net/p/crportable/patches-base/ci/default/tree/
7.42,http://web.archive.org/web/20240319111814if_/https://sourceforge.net/p/mp4joiner/git/ci/master/tree/
7.41,http://web.archive.org/web/20220729223345if_/https://sourceforge.net/p/tcpdf/code/ci/master/tree/
7.39,http://web.archive.org/web/20190819164429if_/https://sourceforge.net/p/grandperspectiv/documentation/ci/master/tree/
7.36,http://web.archive.org/web/20240324122955if_/https://sourceforge.net/p/brmodelo/code/ci/master/tree/
7.31,http://web.archive.org/web/20240227033834if_/https://sourceforge.net/p/optflux/optflux-rbc/ci/master/tree/
7.28,http://web.archive.org/web/20230112121001if_/https://sourceforge.net/p/urlget/uget-android/ci/master/tree/
7.26,http://web.archive.org/web/20221227141217if_/https://sourceforge.net/p/jedit/Accents/ci/master/tree/
7.16,http://web.archive.org/web/20221024045743if_/https://sourceforge.net/p/burn-osx/code-git/ci/master/tree/
7.07,http://web.archive.org/web/20220610235032if_/https://sourceforge.net/p/mingw/msys-runtime/ci/master/tree/
6.99,http://web.archive.org/web/20221227141106if_/https://sourceforge.net/p/jedit/Completion/ci/master/tree/
6.88,http://web.archive.org/web/20190724192117if_/https://sourceforge.net/p/systemrescuecd/code/ci/master/tree/
6.86,http://web.archive.org/web/20180703232223if_/https://sourceforge.net/p/camprocessor/CAMEditor/ci/master/tree/
6.74,http://web.archive.org/web/20200218094044if_/https://sourceforge.net/p/octave/ltfat/ci/master/tree/
6.71,http://web.archive.org/web/20231224045612if_/https://sourceforge.net/p/octave/octproj/ci/master/tree/
6.68,http://web.archive.org/web/20151026194406if_/http://sourceforge.net/p/puttymanager/code/HEAD/tree/
6.58,http://web.archive.org/web/20151120101633if_/http://sourceforge.net/p/ob-htmlbuilder/code/HEAD/tree/
6.56,http://web.archive.org/web/20240324124109if_/https://sourceforge.net/p/guess/git/ci/master/tree/
6.52,http://web.archive.org/web/20240324123825if_/https://sourceforge.net/p/themole/code/ci/master/tree/
6.51,http://web.archive.org/web/20220707005333if_/https://sourceforge.net/p/lazarus-ccr/dcpcrypt/ci/master/tree/
6.48,http://web.archive.org/web/20240213022945if_/https://sourceforge.net/p/winmerge/code/HEAD/tree/
6.48,http://web.archive.org/web/20240213022945if_/https://sourceforge.net/p/winmerge/code/HEAD/tree/
6.46,http://web.archive.org/web/20220806080315if_/https://sourceforge.net/p/jedit/GitPlugin/ci/master/tree/
6.43,http://web.archive.org/web/20220806080325if_/https://sourceforge.net/p/jedit/SmartOpen/ci/master/tree/
6.4,http://web.archive.org/web/20180703232134if_/https://sourceforge.net/p/camprocessor/camedit/ci/master/tree/
6.31,http://web.archive.org/web/20190819164442if_/https://sourceforge.net/p/grandperspectiv/web/ci/master/tree/
6.29,http://web.archive.org/web/20180616020157if_/https://sourceforge.net/p/mingw/pexports/ci/master/tree/
6.24,http://web.archive.org/web/20230707183312if_/https://sourceforge.net/p/udt/git/ci/master/tree/
6.19,http://web.archive.org/web/20180703021540if_/https://sourceforge.net/p/tellmatic/git/ci/master/tree/
6.01,http://web.archive.org/web/20240324124558if_/https://sourceforge.net/p/sparql/code/HEAD/tree/
5.99,http://web.archive.org/web/20191019024416if_/https://sourceforge.net/p/puttysm/git/ci/master/tree/
5.94,http://web.archive.org/web/20190303221055if_/https://sourceforge.net/p/smoothwall/scratch/ci/fest3er-swe3.1/tree/
5.94,http://web.archive.org/web/20220806083815if_/https://sourceforge.net/p/jedit/jEdit.bak/ci/4.0.x/tree/
5.85,http://web.archive.org/web/20180614145205if_/https://sourceforge.net/p/ebtables/code/ci/master/tree/
5.84,http://web.archive.org/web/20240227032556if_/https://sourceforge.net/p/optflux/optflux-dbreader/ci/master/tree/
5.82,http://web.archive.org/web/20240324124251if_/https://sourceforge.net/p/zolertia/code/HEAD/tree/
5.79,http://web.archive.org/web/20240324124942if_/https://sourceforge.net/p/jvi/raelity-lib/ci/default/tree/
5.76,http://web.archive.org/web/20180616020205if_/https://sourceforge.net/p/mingw/regex/ci/master/tree/
5.75,http://web.archive.org/web/20230910012723if_/https://sourceforge.net/p/vjoystick/code/HEAD/tree/
5.73,http://web.archive.org/web/20240227030157if_/https://sourceforge.net/p/optflux/mewomicsintegration/ci/master/tree/
5.66,http://web.archive.org/web/20180718085638if_/https://sourceforge.net/p/contiki/code/ci/master/tree/
5.59,http://web.archive.org/web/20180616020201if_/https://sourceforge.net/p/mingw/portmaker/ci/master/tree/
5.52,http://web.archive.org/web/20240316025901if_/https://sourceforge.net/p/scidvspc/code/HEAD/tree/
5.42,http://web.archive.org/web/20230519154135if_/https://sourceforge.net/p/retroshare/code/HEAD/tree/
5.31,http://web.archive.org/web/20240227025825if_/https://sourceforge.net/p/optflux/addreactions4optflux3/ci/master/tree/
5.26,http://web.archive.org/web/20230514151944if_/https://sourceforge.net/p/android-x86/opengles/
5.23,http://web.archive.org/web/20180108222327if_/https://sourceforge.net/p/flightgear/fgcom/ci/master/tree/
5.16,http://web.archive.org/web/20240507012334if_/https://sourceforge.net/p/android-x86/manifest/ci/nougat-x86/tree/
5.13,http://web.archive.org/web/20180615203720if_/https://sourceforge.net/p/libusbdotnet/code/HEAD/tree/
5.03,http://web.archive.org/web/20230517094922if_/https://sourceforge.net/p/android-x86/misc/
5.02,http://web.archive.org/web/20180614152115if_/https://sourceforge.net/p/securepoint/code/HEAD/tree/
4.94,http://web.archive.org/web/20180701183402if_/https://sourceforge.net/p/hotcakes/code/HEAD/tree/
4.86,http://web.archive.org/web/20150906233823if_/http://sourceforge.net/p/tftpserver/code/HEAD/tree/
4.8,http://web.archive.org/web/20180618002615if_/https://sourceforge.net/p/sid-wizard/code/HEAD/tree/
4.69,http://web.archive.org/web/20210506150957if_/https://sourceforge.net/p/dia-installer/code/ci/master/tree/
4.63,http://web.archive.org/web/20180701182956if_/https://sourceforge.net/p/daloradius/code/HEAD/tree/
4.6,http://web.archive.org/web/20180724135008if_/https://sourceforge.net/p/pyusb/code/HEAD/tree/
4.57,http://web.archive.org/web/20210506195101if_/https://sourceforge.net/p/dia-installer/dia-additional-shapes/ci/master/tree/
4.43,http://web.archive.org/web/20230516063244if_/https://sourceforge.net/p/android-x86/external_libdrm/ci/nougat-x86/tree/
4.38,http://web.archive.org/web/20240324124806if_/https://sourceforge.net/p/opensignature/code/HEAD/tree/
4.38,http://web.archive.org/web/20220422071805if_/https://sourceforge.net/p/invoicex/mercurial/ci/default/tree/
4.37,http://web.archive.org/web/20230731173758if_/https://sourceforge.net/p/android-x86/discussion/
4.3,http://web.archive.org/web/20180712031507if_/https://sourceforge.net/p/pdfsam/code/HEAD/tree/
4.28,http://web.archive.org/web/20240324124756if_/https://sourceforge.net/p/adoc/code/HEAD/tree/
4.28,http://web.archive.org/web/20180616020221if_/https://sourceforge.net/p/mingw/pthreads4w/ci/master/tree/
4.23,http://web.archive.org/web/20211218043451if_/https://sourceforge.net/p/seb/git/ci/master/tree/
4.22,http://web.archive.org/web/20240219010332if_/https://sourceforge.net/p/winpenpack/code/HEAD/tree/
4.21,http://web.archive.org/web/20240217235646if_/https://sourceforge.net/p/portableapps/code/HEAD/tree/
4.2,http://web.archive.org/web/20240324124125if_/https://sourceforge.net/p/sonivis/code/HEAD/tree/
4.2,http://web.archive.org/web/20230623073900if_/https://sourceforge.net/p/grandperspectiv/code/HEAD/tree/
4.18,http://web.archive.org/web/20220905190224if_/https://sourceforge.net/p/docfetcher/code/ci/master/tree/
4.12,http://web.archive.org/web/20210826140722if_/https://sourceforge.net/p/zvtm/code/HEAD/tree/
4.11,http://web.archive.org/web/20220516061802if_/https://sourceforge.net/p/npppluginmgr/code/ci/master/tree/
4.1,http://web.archive.org/web/20210520020053if_/https://sourceforge.net/p/drjava/git_repo/ci/master/tree/
4.09,http://web.archive.org/web/20220422084614if_/https://sourceforge.net/p/analyseplugin/code/HEAD/tree/
3.86,http://web.archive.org/web/20240321125211if_/https://sourceforge.net/p/windirstat/incubator/ci/default/tree/
3.77,http://web.archive.org/web/20201129061304if_/https://sourceforge.net/p/ipcop/svn/HEAD/tree/
3.7,http://web.archive.org/web/20230614072932if_/https://sourceforge.net/p/rodin-b-sharp/pattern/ci/master/tree/
3.64,http://web.archive.org/web/20190531153331if_/https://sourceforge.net/p/diffuse/code/HEAD/tree/
3.64,http://web.archive.org/web/20240227034911if_/https://sourceforge.net/p/optflux/optflux-regulatorytool/ci/optfluxmaster/tree/
3.5,http://web.archive.org/web/20240227034926if_/https://sourceforge.net/p/optflux/optflux-sampling/ci/master/tree/
3.47,http://web.archive.org/web/20240227033511if_/https://sourceforge.net/p/optflux/optflux-mcs/ci/master/tree/
3.47,http://web.archive.org/web/20240220140205if_/https://sourceforge.net/p/flightgear/terrafs/ci/master/tree/
3.47,http://web.archive.org/web/20230614121130if_/https://sourceforge.net/p/supertuxkart/stk-media-hd/HEAD/tree/
3.47,http://web.archive.org/web/20230615062028if_/https://sourceforge.net/p/rodin-b-sharp/CodeGen/ci/master/tree/
3.46,http://web.archive.org/web/20200223144205if_/https://sourceforge.net/p/tvbrowser/code/HEAD/tree/
3.45,http://web.archive.org/web/20240227032425if_/https://sourceforge.net/p/optflux/optflux-addreactions/ci/master/tree/
3.45,http://web.archive.org/web/20180616020018if_/https://sourceforge.net/p/mingw/build-aux/ci/master/tree/
3.43,http://web.archive.org/web/20180616020035if_/https://sourceforge.net/p/mingw/mingw-org-tools/ci/master/tree/
3.38,http://web.archive.org/web/20230614100042if_/https://sourceforge.net/p/tuxpaint/tuxpaint-website-gallery/ci/master/tree/
3.36,http://web.archive.org/web/20180703232248if_/https://sourceforge.net/p/camprocessor/open-xdx/ci/master/tree/
3.34,http://web.archive.org/web/20240213152358if_/https://sourceforge.net/p/flightgear/docker/terragear/ci/master/tree/
3.33,http://web.archive.org/web/20240227033844if_/https://sourceforge.net/p/optflux/optflux-regulatory/ci/master/tree/
3.31,http://web.archive.org/web/20240227030136if_/https://sourceforge.net/p/optflux/insertreactions4optflux3/ci/master/tree/
3.26,http://web.archive.org/web/20230613211828if_/https://sourceforge.net/p/tuxpaint/tuxpaint-docs/ci/master/tree/
3.18,http://web.archive.org/web/20180616020213if_/https://sourceforge.net/p/mingw/xscripts/ci/master/tree/
3.13,http://web.archive.org/web/20180616020029if_/https://sourceforge.net/p/mingw/mpmkr/ci/master/tree/
3.06,http://web.archive.org/web/20180616020209if_/https://sourceforge.net/p/mingw/wtk/ci/master/tree/
3.05,http://web.archive.org/web/20240324124427if_/https://sourceforge.net/p/mangastreamdown/code/HEAD/tree/
3.01,http://web.archive.org/web/20240227032615if_/https://sourceforge.net/p/optflux/optflux-launcher/ci/master/tree/
3.0,http://web.archive.org/web/20240507012323if_/https://sourceforge.net/p/mouseclicker/code/HEAD/tree/
2.96,http://web.archive.org/web/20240227030007if_/https://sourceforge.net/p/optflux/biovisualizercore/ci/master/tree/
2.96,http://web.archive.org/web/20230614200244if_/https://sourceforge.net/p/rodin-b-sharp/EventBUtils/ci/master/tree/
2.94,http://web.archive.org/web/20180723104630if_/https://sourceforge.net/p/opensearchserve/code/ci/1.5/tree/
2.94,http://web.archive.org/web/20240324123456if_/https://sourceforge.net/p/v2raya/v2raya-openwrt/ci/master/tree/
2.87,http://web.archive.org/web/20180616020026if_/https://sourceforge.net/p/mingw/man/ci/master/tree/
2.81,http://web.archive.org/web/20240324124646if_/https://sourceforge.net/p/socks-relay/srelay/ci/master/tree/
2.72,http://web.archive.org/web/20230613202218if_/https://sourceforge.net/p/tuxpaint/tuxpaint-stamps/ci/master/tree/
2.69,http://web.archive.org/web/20180616020152if_/https://sourceforge.net/p/mingw/msys2-tools/ci/master/tree/
2.65,http://web.archive.org/web/20220806080318if_/https://sourceforge.net/p/jedit/BufferSelector/ci/master/tree/
2.5,http://web.archive.org/web/20230517094922if_/https://sourceforge.net/p/android-x86/external_stagefright-plugins/ci/jb-x86/tree/
2.41,http://web.archive.org/web/20220412092114if_/https://sourceforge.net/p/mingw/msys2-runtime/ci/master/tree/
2.39,http://web.archive.org/web/20240220140218if_/https://sourceforge.net/p/flightgear/terragear/ci/next/tree/
2.21,http://web.archive.org/web/20230615114505if_/https://sourceforge.net/p/rodin-b-sharp/smt/ci/master/tree/
2.19,http://web.archive.org/web/20230613201748if_/https://sourceforge.net/p/tuxpaint/tuxpaint-website/ci/master/tree/
2.12,http://web.archive.org/web/20230614110314if_/https://sourceforge.net/p/rodin-b-sharp/iUML_B/ci/master/tree/
2.1,http://web.archive.org/web/20210830143630if_/https://sourceforge.net/p/zero-install/code/ci/master/tree/
1.81,http://web.archive.org/web/20221218032157if_/https://sourceforge.net/p/emule/code/ci/default/tree/
1.31,http://web.archive.org/web/20190303221037if_/https://sourceforge.net/p/smoothwall/code/HEAD/tree/
1.27,http://web.archive.org/web/20190503160549if_/https://sourceforge.net/p/jtds/code/HEAD/tree/
1.25,http://web.archive.org/web/20190810013451if_/https://sourceforge.net/p/synchronicity/code/HEAD/tree/
1.23,http://web.archive.org/web/20220509082519if_/https://sourceforge.net/p/y-a-terminal/code/HEAD/tree/
1.2,http://web.archive.org/web/20190612173924if_/https://sourceforge.net/p/phplist/code/HEAD/tree/
0.92,http://web.archive.org/web/20220729062921if_/https://sourceforge.net/p/nst/code/HEAD/tree/
0.86,http://web.archive.org/web/20220524133017if_/https://sourceforge.net/p/dooble/code/HEAD/tree/
0.85,http://web.archive.org/web/20220627170210if_/https://sourceforge.net/p/wxhexeditor/code/HEAD/tree/
0.0,http://web.archive.org/web/20220806081831if_/https://sourceforge.net/p/jedit/XML/ci/master/tree/
0.0,http://web.archive.org/web/20190401121320if_/https://sourceforge.net/p/phpshell/code/HEAD/tree/
0.0,http://web.archive.org/web/20240123195551if_/https://sourceforge.net/p/vcxsrv/code/ci/master/tree/
0.0,http://web.archive.org/web/20240507012253if_/https://sourceforge.net/p/rodin-b-sharp/theory/ci/master/tree/
0.0,http://web.archive.org/web/20240321122623if_/https://sourceforge.net/p/immortalwrt/homeproxy/ci/master/tree/
0.0,http://web.archive.org/web/20190819164419if_/https://sourceforge.net/p/grandperspectiv/localization/ci/master/tree/
0.0,http://web.archive.org/web/20180615051531if_/https://sourceforge.net/p/bowtie-bio/code/HEAD/tree/
0.0,http://web.archive.org/web/20221205111152if_/https://sourceforge.net/p/sakura-editor/code/HEAD/tree/
0.0,http://web.archive.org/web/20150322145312if_/http://sourceforge.net/p/meld-installer/code/ci/master/tree/
0.0,http://web.archive.org/web/20231205122704if_/https://sourceforge.net/p/omegat/code/ci/master/tree/
0.0,http://web.archive.org/web/20230514151943if_/https://sourceforge.net/p/android-x86/hals/
0.0,http://web.archive.org/web/20200118174315if_/https://sourceforge.net/p/e107/svn/HEAD/tree/
0.0,http://web.archive.org/web/20190611032014if_/https://sourceforge.net/p/autoap/code/HEAD/tree/
0.0,http://web.archive.org/web/20230514153446if_/https://sourceforge.net/p/android-x86/wiki/Home/
0.0,http://web.archive.org/web/20240213014557if_/https://sourceforge.net/p/agatemulator/code/HEAD/tree/
0.0,http://web.archive.org/web/20240225123934if_/https://sourceforge.net/p/xampp/code/HEAD/tree/
0.0,http://web.archive.org/web/20180615054122if_/https://sourceforge.net/p/ta-lib/code/HEAD/tree/
0.0,http://web.archive.org/web/20220524182439if_/https://sourceforge.net/p/optflux/metabolic3/ci/master/tree/
0.0,http://web.archive.org/web/20240227032516if_/https://sourceforge.net/p/optflux/optflux-core/ci/master/tree/
0.0,http://web.archive.org/web/20240227032606if_/https://sourceforge.net/p/optflux/optflux-insertreactions/ci/master/tree/
0.0,http://web.archive.org/web/20240227033520if_/https://sourceforge.net/p/optflux/optflux-memote/ci/master/tree/
0.0,http://web.archive.org/web/20240227035010if_/https://sourceforge.net/p/optflux/optflux-simplification/ci/master/tree/
0.0,http://web.archive.org/web/20240227035025if_/https://sourceforge.net/p/optflux/optflux-simulation/ci/master/tree/
0.0,http://web.archive.org/web/20150927120435if_/http://sourceforge.net/p/psycle/code/HEAD/tree/
0.0,http://web.archive.org/web/20221209121735if_/https://sourceforge.net/p/rosegarden/git/ci/master/tree/
0.0,http://web.archive.org/web/20190611020046if_/https://sourceforge.net/p/sapnweclipse/code/HEAD/tree/
0.0,http://web.archive.org/web/20231019210932if_/https://sourceforge.net/p/sweethome3d/code/HEAD/tree/
0.0,http://web.archive.org/web/20230612091214if_/https://sourceforge.net/p/tuxpaint/tuxpaint/ci/master/tree/
0.0,http://web.archive.org/web/20220917090715if_/https://sourceforge.net/p/kdiff3/code/ci/master/tree/
0.0,http://web.archive.org/web/20221220194823if_/https://sourceforge.net/p/firebird/code/HEAD/tree/
0.0,http://web.archive.org/web/20180619155403if_/https://sourceforge.net/p/mingw/mingw-dist/ci/master/tree/
0.0,http://web.archive.org/web/20240310204549if_/https://sourceforge.net/p/scidb/code/HEAD/tree/
0.0,http://web.archive.org/web/20240315165919if_/https://sourceforge.net/p/scid/code/ci/master/tree/
0.0,http://web.archive.org/web/20220523074617if_/https://sourceforge.net/p/libdbi/libdbi/ci/master/tree/
0.0,http://web.archive.org/web/20150925053314if_/http://sourceforge.net/p/libdbi/libdbi-www/ci/master/tree/
0.0,http://web.archive.org/web/20230328112251if_/https://sourceforge.net/p/hfs/code/HEAD/tree/
0.0,http://web.archive.org/web/20230112121033if_/https://sourceforge.net/p/urlget/uget-android-2/ci/master/tree/
0.0,http://web.archive.org/web/20180617204920if_/https://sourceforge.net/p/multiget/code/HEAD/tree/
0.0,http://web.archive.org/web/20231017173515if_/https://sourceforge.net/p/saxon/code/HEAD/tree/
0.0,http://web.archive.org/web/20150920125533if_/http://sourceforge.net/p/bibtexml/code/HEAD/tree/
0.0,http://web.archive.org/web/20240227032504if_/https://sourceforge.net/p/optflux/optflux-cobra/ci/master/tree/
0.0,http://web.archive.org/web/20220524182450if_/https://sourceforge.net/p/optflux/guiutilities/ci/master/tree/
0.0,http://web.archive.org/web/20231010160550if_/https://sourceforge.net/p/embarcadero-devcpp/code/ci/master/tree/
0.0,http://web.archive.org/web/20240227031016if_/https://sourceforge.net/p/optflux/efm4optflux3/ci/master/tree/
0.0,http://web.archive.org/web/20190611032014if_/https://sourceforge.net/p/autoap/code/HEAD/tree/
0.0,http://web.archive.org/web/20240224122308if_/https://sourceforge.net/p/crystaldiskinfo/code/ref/main/
0.0,http://web.archive.org/web/20230911021314if_/https://sourceforge.net/p/desmume/code/HEAD/tree/
0.0,http://web.archive.org/web/20180613065510if_/https://sourceforge.net/p/expat/code_git/ci/master/tree/
0.0,http://web.archive.org/web/20240204023744if_/https://sourceforge.net/p/flightgear/fgaddon/HEAD/tree/
0.0,http://web.archive.org/web/20230910222351if_/https://sourceforge.net/p/flightgear/getstart/ci/next/tree/
0.0,http://web.archive.org/web/20230513101551if_/https://sourceforge.net/p/flightgear/simgear/ci/next/tree/
0.0,http://web.archive.org/web/20220617044852if_/https://sourceforge.net/p/impro-visor/code/HEAD/tree/
0.0,http://web.archive.org/web/20220806080323if_/https://sourceforge.net/p/jedit/Ancestor/ci/master/tree/
0.0,http://web.archive.org/web/20221227141114if_/https://sourceforge.net/p/jedit/AndroidRemoteControl/ci/master/tree/
0.0,http://web.archive.org/web/20221227134106if_/https://sourceforge.net/p/jedit/ConsoleAutomation/ci/master/tree/
0.0,http://web.archive.org/web/20220806080316if_/https://sourceforge.net/p/jedit/JSLinters/ci/master/tree/
0.0,http://web.archive.org/web/20220806080320if_/https://sourceforge.net/p/jedit/LazyImporter/ci/master/tree/
0.0,http://web.archive.org/web/20220806081841if_/https://sourceforge.net/p/jedit/OpenSIPS/ci/master/tree/
0.0,http://web.archive.org/web/20230228113417if_/https://sourceforge.net/p/hsqldb/svn/HEAD/tree/
0.0,http://web.archive.org/web/20240324124950if_/https://sourceforge.net/p/jvi/l2f-sheet/ci/default/tree/
0.0,http://web.archive.org/web/20150923224024if_/http://sourceforge.net/p/luckybackup/code/ci/master/tree/
0.0,http://web.archive.org/web/20240122111840if_/https://sourceforge.net/p/win32svn/code/HEAD/tree/
0.0,http://web.archive.org/web/20231224030634if_/https://sourceforge.net/p/octave/ncarray/ci/master/tree/
0.0,http://web.archive.org/web/20231205122704if_/https://sourceforge.net/p/omegat/code/ci/master/tree/
0.0,http://web.archive.org/web/20230729014415if_/https://sourceforge.net/#!/p/skim-app/code/HEAD/tree/
0.0,http://web.archive.org/web/20221126123555if_/https://sourceforge.net/p/scribus/gsoc11tables/ci/master/tree/
0.0,http://web.archive.org/web/20221126123559if_/https://sourceforge.net/p/scribus/nogui/ci/master/tree/
0.0,http://web.archive.org/web/20180618172800if_/https://sourceforge.net/p/ipapers/code/HEAD/tree/
0.0,http://web.archive.org/web/20151116192021if_/http://sourceforge.net/p/yagarto/code/HEAD/tree/
0.0,http://web.archive.org/web/20140813060804if_/http://sourceforge.net/p/nanostack/code/HEAD/tree/
0.0,http://web.archive.org/web/20220418100457if_/https://sourceforge.net/p/logicaldoc/code/HEAD/tree/
0.0,http://web.archive.org/web/20220828222633if_/https://sourceforge.net/p/openkm/code/HEAD/tree/
0.0,http://web.archive.org/web/20140218012230if_/http://sourceforge.net/p/viex/code/HEAD/tree/
0.0,http://web.archive.org/web/20180616020040if_/https://sourceforge.net/p/mingw/mingw-org-wsl-extras/ci/master/tree/
0.0,http://web.archive.org/web/20190614125632if_/https://sourceforge.net/p/opendocman/code/ci/master/tree/
0.0,http://web.archive.org/web/20240324124540if_/https://sourceforge.net/p/summa/code/HEAD/tree/
0.0,http://web.archive.org/web/20151113062041if_/http://sourceforge.net/p/puggle/code/HEAD/tree/
0.0,http://web.archive.org/web/20240324124640if_/https://sourceforge.net/p/socks-relay/srelaye/ci/master/tree/
0.0,http://web.archive.org/web/20180703022028if_/https://sourceforge.net/p/pommo/code/HEAD/tree/
0.0,http://web.archive.org/web/20150910033405if_/http://sourceforge.net/p/aria2cremote/code/HEAD/tree/
0.0,http://web.archive.org/web/20150920225036if_/http://sourceforge.net/p/aria2web/code/HEAD/tree/
0.0,http://web.archive.org/web/20240324124814if_/https://sourceforge.net/p/j4sign/code/HEAD/tree/
0.0,http://web.archive.org/web/20240324124822if_/https://sourceforge.net/p/j4sign/svn/HEAD/tree/
0.0,http://web.archive.org/web/20180620192846if_/https://sourceforge.net/p/putty-nd/code/ci/master/tree/
0.0,http://web.archive.org/web/20150930160819if_/http://sourceforge.net/p/windowsconsole/code/HEAD/tree/
0.0,http://web.archive.org/web/20220707060041if_/https://sourceforge.net/p/lazarus-ccr/svn/HEAD/tree/
0.0,http://web.archive.org/web/20200422034816if_/https://sourceforge.net/p/docbook/code/HEAD/tree/
0.0,http://web.archive.org/web/20180720022920if_/https://sourceforge.net/p/silex/code/HEAD/tree/
0.0,http://web.archive.org/web/20220804111552if_/https://sourceforge.net/p/mingw/mingw-get/ci/master/tree/
0.0,http://web.archive.org/web/20231224055254if_/https://sourceforge.net/p/octave/data-structures/ci/master/tree/
0.0,http://web.archive.org/web/20180722002758if_/https://sourceforge.net/p/epiware/code/HEAD/tree/
0.0,http://web.archive.org/web/20151106140448if_/http://sourceforge.net/p/jvi/nbvi/ci/default/tree/
0.0,http://web.archive.org/web/20220624220206if_/https://sourceforge.net/p/ddclient/git/ci/master/tree/
0.0,http://web.archive.org/web/20231220081428if_/https://sourceforge.net/p/freemind/code/ci/1.1.0/tree/
0.0,http://web.archive.org/web/20220504190532if_/https://sourceforge.net/p/nevada/code/HEAD/tree/
0.0,http://web.archive.org/web/20220524102310if_/https://sourceforge.net/p/netinfotrace/code/HEAD/tree/
0.0,http://web.archive.org/web/20240226061639if_/https://sourceforge.net/p/texstudio/hg/ci/default/tree/
0.0,http://web.archive.org/web/20190117140731if_/https://sourceforge.net/p/texniccenter/code/ci/default/tree/
0.0,http://web.archive.org/web/20190401121320if_/https://sourceforge.net/p/phpshell/code/HEAD/tree/
0.0,http://web.archive.org/web/20190504152703if_/https://sourceforge.net/p/ariamaestosa/code/HEAD/tree/
0.0,http://web.archive.org/web/20220828222624if_/https://sourceforge.net/p/upnp-portmapper/code/HEAD/tree/
0.0,http://web.archive.org/web/20220708123450if_/https://sourceforge.net/p/pacmanager/code/HEAD/tree/
0.0,http://web.archive.org/web/20220615102009if_/https://sourceforge.net/p/refit/code/HEAD/tree/
0.0,http://web.archive.org/web/20240123042443if_/https://sourceforge.net/p/refind/code/ci/master/tree/
0.0,http://web.archive.org/web/20160624073638if_/https://sourceforge.net/p/vimplugin/code/HEAD/tree/
0.0,http://web.archive.org/web/20221231195611if_/https://sourceforge.net/p/djvu/code/ref/main/
0.0,http://web.archive.org/web/20180616020022if_/https://sourceforge.net/p/mingw/mingw-get-setup/ci/master/tree/
0.0,http://web.archive.org/web/20151106025846if_/http://sourceforge.net/p/auber/code/HEAD/tree/
0.0,http://web.archive.org/web/20220422041308if_/https://sourceforge.net/p/djvu/gsdjvu-git/ci/master/tree/
0.0,http://web.archive.org/web/20240324123703if_/https://sourceforge.net/p/tunnelblick/code/HEAD/tree/
0.0,http://web.archive.org/web/20140213052950if_/http://sourceforge.net/p/sqlninja/code/HEAD/tree/
0.0,http://web.archive.org/web/20180615063247if_/https://sourceforge.net/p/dcm4che/svn/HEAD/tree/
0.0,http://web.archive.org/web/20220426132915if_/https://sourceforge.net/p/uftp/code/HEAD/tree/
0.0,http://web.archive.org/web/20150930152149if_/http://sourceforge.net/p/w3af/code/HEAD/tree/
0.0,http://web.archive.org/web/20151109020548if_/http://sourceforge.net/p/fourchan-dl/testing/ci/master/tree/
0.0,http://web.archive.org/web/20190303071923if_/https://sourceforge.net/p/pebl/code-0/HEAD/tree/
0.0,http://web.archive.org/web/20240324124039if_/https://sourceforge.net/p/funkos/code/HEAD/tree/
0.0,http://web.archive.org/web/20240324124047if_/https://sourceforge.net/p/xmk/code/HEAD/tree/
0.0,http://web.archive.org/web/20220624220204if_/https://sourceforge.net/p/ddclient/code/HEAD/tree/
0.0,http://web.archive.org/web/20230228110412if_/https://sourceforge.net/p/hsqldb/tmp/ci/master/tree/
